model,overall,hard,coding,cpmi,launch,end,source,,,,,,,,Model,Overall,Overall w/ Style Control,Hard Prompts,Hard Prompts w/ Style Control,Coding,Math,Creative Writing,Instruction Following,Longer Query,Multi-Turn
gemini-exp-1206,1320,1313,1372,5.001,2024-11,,,,,,,,,1320,gemini-exp-1206,1373,1320,1366,1313,1372,1320,1407,1377,1393,1405
chatgpt-4o-latest-20241120,1316,1282,1351,5,2024-11,2024-11,https://openai.com/api/pricing/,,,,,,,1316,chatgpt-4o-latest-20241120,1364,1316,1337,1282,1351,1285,1406,1355,1379,1404
o1-preview,1301,1308,1354,15,2024-09,,https://openai.com/api/pricing/,,,,,,,1295,gemini-2.0-flash-exp,1355,1295,1347,1289,1339,1309,1379,1346,1373,1377
gemini-2.0-flash-exp,1295,1289,1339,3.001,2024-12,,,,,,,,,1301,o1-preview,1333,1301,1351,1308,1354,1340,1316,1345,1350,1367
chatgpt-4o-latest-20240903,1291,1277,1347,5,2024-08,2024-11,https://openai.com/api/pricing/,,,,,,,1257,o1-mini,1306,1257,1339,1282,1361,1328,1245,1314,1330,1323
claude-3-5-sonnet-20241022,1284,1299,1322,3,2024-10,,,,,,,,,1267,gemini-1.5-pro-002,1301,1267,1300,1267,1289,1280,1330,1302,1316,1300
gemini-exp-1114,1268,1272,1325,,2024-11,2024-12,,,,,,,,1249,grok-2-2024-08-13,1288,1249,1274,1239,1283,1252,1283,1276,1285,1294
gemini-1.5-pro-002,1267,1267,1289,5,2024-10,,,,,,,,,1245,yi-lightning,1287,1245,1299,1251,1302,1269,1280,1285,1305,1315
gpt-4o-2024-05-13,1262,1251,1292,2.5,2024-09,,,,,,,,,1262,gpt-4o-2024-05-13,1284,1262,1284,1251,1292,1254,1289,1287,1300,1302
claude-3-5-sonnet-20240620,1258,1269,1294,3,2024-06,,,,,,,,,1284,claude-3-5-sonnet-20241022,1283,1284,1303,1299,1322,1278,1286,1301,1313,1326
o1-mini,1257,1282,1361,3,2024-09,,https://openai.com/api/pricing/,,,,,,,1232,athene-v2-chat,1277,1232,1293,1247,1294,1271,1235,1280,1291,1295
gemini-advanced-0514,1253,1237,1254,,2024-05,,,,,,,,,1234,glm-4-plus,1273,1234,1274,1232,1283,1244,1263,1273,1291,1287
llama-3.1-405b-instruct-fp8,1252,1247,1276,2.75,2024-07,,https://openrouter.ai/meta-llama/llama-3.1-405b-instruct,,,,,,,1234,gpt-4o-mini-2024-07-18,1273,1234,1268,1223,1284,1232,1269,1266,1294,1290
llama-3.1-405b-instruct-bf16,1251,1254,1283,2,2024-06,,https://openrouter.ai/models/meta-llama/llama-3.1-405b,,,,,,,1229,gemini-1.5-flash-002,1271,1229,1256,1216,1252,1237,1285,1266,1292,1256
gpt-4o-2024-08-06,1249,1238,1273,2.5,2024-08,,https://openai.com/api/pricing/,,,,,,,1215,llama-3.1-nemotron-70b-instruct,1268,1215,1265,1223,1271,1243,1268,1261,1250,1278
grok-2-2024-08-13,1249,1239,1283,5,2024-09,,https://openrouter.ai/x-ai/grok-2,,,,,,,1258,claude-3-5-sonnet-20240620,1268,1258,1279,1269,1294,1271,1241,1280,1286,1305
yi-lightning,1245,1251,1302,,2024-10,,,,,,,,,1252,llama-3.1-405b-instruct-fp8,1267,1252,1266,1247,1276,1249,1263,1268,1268,1293
gpt-4-turbo-2024-04-09,1242,1227,1262,10,2024-04,,https://openai.com/api/pricing/,,,,,,,1253,gemini-advanced-0514,1266,1253,1253,1237,1254,1238,1275,1259,1263,1273
gemini-1.5-pro-001,1240,1238,1262,3.5,2024-05,,https://ai.google.dev/pricing,,,,,,,1251,llama-3.1-405b-instruct-bf16,1266,1251,1272,1254,1283,1255,1255,1265,1275,1288
claude-3-opus-20240229,1238,1235,1250,15,2024-02,,,,,,,,,1223,grok-2-mini-2024-08-13,1265,1223,1259,1219,1261,1235,1247,1254,1275,1267
yi-lightning-lite,1238,1236,1267,,2024-10,,,,,,,,,1249,gpt-4o-2024-08-06,1265,1249,1267,1238,1273,1252,1274,1272,1287,1278
claude-3-5-haiku-20241022,1233,1252,1262,0.8,2024-11,,,,,,,,,1238,yi-lightning-lite,1264,1238,1272,1236,1267,1246,1259,1268,1288,1292
glm-4-plus,1234,1232,1283,0.33,2024-10,,https://open.bigmodel.cn/pricing,,,,,,,1230,qwen-max-0919,1263,1230,1273,1233,1280,1244,1249,1271,1296,1280
gpt-4-1106-preview,1234,1226,1252,10,2023-11,,https://openai.com/api/pricing/,,,,,,,1240,gemini-1.5-pro-001,1259,1240,1258,1238,1262,1237,1274,1261,1293,1267
athene-v2-chat,1232,1247,1294,,2024-12,,,,,,,,,1224,deepseek-v2.5,1257,1224,1272,1234,1288,1242,1238,1259,1280,1264
gpt-4o-mini-2024-07-18,1234,1223,1284,0.15,2024-07,,https://openai.com/api/pricing/,,,,,,,1221,qwen2.5-72b-instruct,1257,1221,1270,1228,1281,1253,1229,1265,1289,1276
qwen-max-0919,1230,1233,1280,,,,,,,,,,,1242,gpt-4-turbo-2024-04-09,1256,1242,1254,1227,1262,1241,1266,1260,1263,1267
llama-3.3-70b-instruct,1234,1232,1258,0.13,2024-12,,https://openrouter.ai/meta-llama/llama-3.3-70b-instruct,,,,,,,,,,,,,,,,,,
mistral-large-2407,1231,1231,1269,2,2024-07,,https://openrouter.ai/models/mistralai/mistral-large,,,,,,,1234,llama-3.3-70b-instruct,1255,1234,1259,1232,1258,1235,1265,1258,1257,1281
gpt-4-0125-preview,1230,1218,1243,10,2024-01,,https://openai.com/api/pricing/,,,,,,,1231,mistral-large-2407,1251,1231,1259,1231,1269,1231,1245,1256,1269,1262
gemini-1.5-flash-002,1229,1216,1252,0.075,2024-10,,,,,,,,,1222,athene-70b-0725,1250,1222,1247,1224,1253,1200,1239,1234,1241,1255
deepseek-v2.5,1224,1234,1288,0.14,2024-08,,https://openrouter.ai/models/deepseek/deepseek-chat,,,,,,,1234,gpt-4-1106-preview,1249,1234,1246,1226,1252,1242,1247,1249,1248,1260
grok-2-mini-2024-08-13,1223,1219,1261,,2024-08,,,,,,,,,1213,llama-3.1-70b-instruct,1247,1213,1243,1211,1251,1222,1238,1241,1250,1259
qwen2.5-72b-instruct,1221,1228,1281,0.35,2024-09,,https://openrouter.ai/models/qwen/qwen-2.5-72b-instruct,,,,,,,1238,claude-3-opus-20240229,1247,1238,1245,1235,1250,1239,1240,1257,1270,1277
athene-70b-0725,1222,1224,1253,,2024-07,,,,,,,,,1220,mistral-large-2411,1246,1220,1248,1215,1261,1214,1254,1255,1271,1261
mistral-large-2411,1220,1215,1261,2,2024-11,,,,,,,,,1230,gpt-4-0125-preview,1244,1230,1241,1218,1243,1236,1238,1244,1249,1254
amazon-nova-pro-v1.0,1206,1212,1261,0.8,2024-11,,,,,,,,,,,,,,,,,,,,
llama-3.1-nemotron-70b-instruct,1215,1223,1271,0.35,2024-10,,https://openrouter.ai/nvidia/llama-3.1-nemotron-70b-instruct,,,,,,,1206,amazon-nova-pro-v1.0,1243,1206,1245,1212,1261,1222,1206,1243,1262,1249
llama-3.1-70b-instruct,1213,1211,1251,0.52,2024-06,,https://openrouter.ai/models/meta-llama/llama-3.1-70b-instruct,,,,,,,1206,yi-large-preview,1239,1206,1239,1206,1245,1218,1240,1236,1246,1235
yi-large-preview,1206,1206,1245,,2024-07,,,,,,,,,1233,claude-3-5-haiku-20241022,1238,1233,1255,1252,1262,1220,1216,1247,1283,1259
reka-core-20240904,1206,1193,1222,,2024-09,,,,,,,,,1206,reka-core-20240904,1234,1206,1215,1193,1222,1195,1239,1223,1233,1230
gemma-2-27b-it,1206,1193,1210,0.27,2024-06,,https://openrouter.ai/models/google/gemma-2-27b-it,,,,,,,1204,reka-core-20240722,1230,1204,1205,1186,1208,1186,1241,1212,1232,1237
qwen-plus-0828,1206,1208,1245,,2024-08,,,,,,,,,1206,qwen-plus-0828,1227,1206,1241,1208,1245,1217,1219,1234,1265,1248
reka-core-20240722,1204,1186,1208,,2024-07,,,,,,,,,1204,gemini-1.5-flash-001,1226,1204,1224,1200,1231,1199,1228,1222,1262,1232
jamba-1.5-large,1204,1193,1227,2,2024-08,,https://openrouter.ai/models/ai21/jamba-1-5-large,,,,,,,1204,jamba-1.5-large,1221,1204,1219,1193,1227,1191,1217,1220,1214,1223
gemini-1.5-flash-001,1204,1200,1231,0.075,2024-08,,https://ai.google.dev/pricing,,,,,,,1206,gemma-2-27b-it,1219,1206,1204,1193,1210,1184,1241,1215,1238,1226
llama-3.1-nemotron-51b-instruct,1204,1192,1211,0.35,2024-10,,https://openrouter.ai/nvidia/llama-3.1-nemotron-70b-instruct,,,,,,,1201,deepseek-v2-api-0628,1219,1201,1234,1211,1241,1217,1208,1221,1243,1229
amazon-nova-lite-v1.0,1183,1189,1237,0.06,2024-11,,,,,,,,,,,,,,,,,,,,
deepseek-v2-api-0628,1201,1211,1241,0.14,2024-06,,,,,,,,,1183,amazon-nova-lite-v1.0,1219,1183,1226,1189,1237,1205,1210,1217,1238,1216
gpt-4-0314,1199,1202,1195,30,2024-03,,https://platform.openai.com/docs/deprecations/,,,,,,,1189,qwen2.5-coder-32b-instruct,1216,1189,1256,1219,1260,1221,1179,1233,1261,1226
gemma-2-9b-it-simpo,1199,1186,1196,,,,,,,,,,,1199,gemma-2-9b-it-simpo,1215,1199,1203,1186,1196,1145,1243,1203,1238,1225
claude-3-sonnet-20240229,1197,1190,1212,3,2024-02,,,,,,,,,1197,command-r-plus-08-2024,1215,1197,1188,1171,1181,1162,1235,1205,1242,1216
command-r-plus-08-2024,1197,1171,1181,,2024-08,,,,,,,,,1197,deepseek-coder-v2-0724,1214,1197,1234,1210,1266,1210,1190,1221,1254,1218
deepseek-coder-v2-0724,1197,1210,1266,0.14,2024-07,,,,,,,,,1194,yi-large,1212,1194,1208,1185,1219,1195,1202,1207,1218,1219
nemotron-4-340b-instruct,1196,1189,1198,4.2,2024-06,,https://openrouter.ai/models/nvidia/nemotron-4-340b-instruct,,,,,,,1179,gemini-1.5-flash-8b-001,1212,1179,1211,1174,1206,1182,1222,1210,1230,1190
yi-large,1194,1185,1219,3,2023-10,,https://openrouter.ai/models/01-ai/yi-large,,,,,,,1204,llama-3.1-nemotron-51b-instruct,1211,1204,1206,1192,1211,1201,1214,1209,1216,1229
llama-3-70b-instruct,1194,1187,1199,0.59,2024-04,,https://openrouter.ai/models/meta-llama/llama-3-70b-instruct,,,,,,,1196,nemotron-4-340b-instruct,1209,1196,1202,1189,1198,1185,1207,1212,1231,1217
qwen2.5-coder-32b-instruct,1189,1219,1260,,2024-10,,,,,,,,,#N/A,c4ai-aya-expanse-32b,1207,1183,1196,1180,1189,1173,1201,1206,1236,1193
glm-4-0520,1188,1189,1216,0.66,2024-05,,https://open.bigmodel.cn/pricing,,,,,,,1188,glm-4-0520,1206,1188,1213,1189,1216,1188,1198,1209,1217,1221
gpt-4-0613,1185,1181,1166,30,2024-06,,https://platform.openai.com/docs/deprecations/,,,,,,,1194,llama-3-70b-instruct,1206,1194,1197,1187,1199,1188,1213,1199,1185,1224
command-r-plus,1182,1159,1164,3,2024-01,,,,,,,,,#N/A,reka-flash-20240904,1205,1192,1185,1176,1191,1169,1206,1194,1205,1192
deepseek-coder-v2,1181,1197,1239,0.14,2024-07,,https://openrouter.ai/models/deepseek/deepseek-coder,,,,,,,1172,gemini-1.5-flash-8b-exp-0827,1205,1172,1196,1162,1189,1172,1213,1199,1231,1201
reka-flash-20240722,1180,1165,1187,,,,,,,,,,,1180,reka-flash-20240722,1200,1180,1178,1165,1187,1161,1197,1187,1194,1197
qwen2-72b-instruct,1180,1178,1186,0.34,2024-06,,https://openrouter.ai/qwen/qwen-2-72b-instruct,,,,,,,1197,claude-3-sonnet-20240229,1200,1197,1198,1190,1212,1181,1187,1204,1222,1226
gemini-1.5-flash-8b-001,1179,1174,1206,0.0375,2024-10,,,,,,,,,1177,reka-core-20240501,1199,1177,1186,1168,1190,1159,1196,1186,1192,1188
amazon-nova-micro-v1.0,1162,1165,1216,0.035,2024-11,,,,,,,,,,,,,,,,,,,,
gemma-2-9b-it,1178,1161,1170,0.2,2024-06,,https://openrouter.ai/models/google/gemma-2-9b-it,,,,,,,1162,amazon-nova-micro-v1.0,1197,1162,1200,1165,1216,1180,1173,1190,1215,1190
reka-core-20240501,1177,1168,1190,,2024-05,,,,,,,,,1178,gemma-2-9b-it,1190,1178,1171,1161,1170,1153,1208,1184,1207,1194
claude-3-haiku-20240307,1177,1174,1189,0.25,2024-03,,,,,,,,,1182,command-r-plus,1189,1182,1168,1159,1164,1136,1199,1187,1214,1196
command-r-08-2024,1175,1165,1161,,,,,,,,,,,1151,hunyuan-standard-256k,1188,1151,1219,1182,1225,1205,1176,1208,1235,1179
gemini-1.5-flash-8b-exp-0827,1172,1162,1189,,2024-08,,,,,,,,,1180,qwen2-72b-instruct,1187,1180,1188,1178,1186,1202,1183,1189,1200,1196
qwen-max-0428,1171,1168,1189,,2024-04,,,,,,,,,1199,gpt-4-0314,1186,1199,1195,1202,1195,1193,1189,1204,1200,1201
glm-4-0116,1163,1165,1190,,2024-01,,,,,,,,,1163,glm-4-0116,1183,1163,1186,1165,1190,1161,1180,1180,1193,1181
ministral-8b-2410,1159,1167,1200,0.1,2024-10,,https://openrouter.ai/mistralai/ministral-8b,,,,,,,1171,qwen-max-0428,1182,1171,1186,1168,1189,1167,1177,1179,1197,1175
jamba-1.5-mini,1159,1146,1180,0.2,2024-08,,https://openrouter.ai/models/ai21/jamba-1-5-mini,,,,,,,1159,ministral-8b-2410,1182,1159,1198,1167,1200,1165,1180,1175,1225,1170
claude-1,1158,1134,1135,8,2023-03,,,,,,,,,#N/A,c4ai-aya-expanse-8b,1181,1152,1154,1136,1166,1155,1192,1168,1199,1167
mistral-large-2402,1157,1164,1169,8,2023-11,,,,,,,,,1175,command-r-08-2024,1179,1175,1169,1165,1161,1130,1179,1179,1211,1168
qwen1.5-110b-chat,1155,1154,1174,1.62,2024-04,,https://openrouter.ai/models/qwen/qwen-110b-chat,,,,,,,1177,claude-3-haiku-20240307,1179,1177,1178,1174,1189,1159,1162,1181,1199,1191
hunyuan-standard-256k,1151,1182,1225,,,,,,,,,,,1181,deepseek-coder-v2,1178,1181,1211,1197,1239,1210,1128,1189,1224,1180
reka-flash-preview-20240611,1151,1136,1155,,,,,,,,,,,1159,jamba-1.5-mini,1175,1159,1168,1146,1180,1131,1171,1157,1170,1162
reka-flash-21b-20240226-online,1151,1143,1146,,2024-02,,,,,,,,,1132,llama-3.1-8b-instruct,1175,1132,1182,1142,1186,1153,1161,1171,1196,1173
mixtral-8x22b-instruct-v0.1,1149,1146,1152,0.7,2024-05,,,,,,,,,1151,reka-flash-preview-20240611,1165,1151,1144,1136,1155,1127,1158,1146,1147,1148
mistral-next,1149,1147,1132,,,,,,,,,,,1185,gpt-4-0613,1163,1185,1167,1181,1166,1177,1187,1188,1193,1174
command-r,1147,1122,1122,0.5,2023-12,,,,,,,,,1155,qwen1.5-110b-chat,1161,1155,1168,1154,1174,1150,1150,1163,1166,1158
qwen1.5-72b-chat,1147,1142,1159,0.81,2024-01,,https://openrouter.ai/models/qwen/qwen-72b-chat,,,,,,,1157,mistral-large-2402,1157,1157,1165,1164,1169,1164,1159,1172,1176,1165
gemini-pro-dev-api,1147,1124,1102,0.5,2024-01,,https://ai.google.dev/pricing,,,,,,,1133,yi-1.5-34b-chat,1157,1133,1159,1135,1162,1149,1144,1147,1159,1158
claude-2.0,1145,1141,1134,8,2023-07,,,,,,,,,1151,reka-flash-21b-20240226-online,1155,1151,1142,1143,1146,1140,1131,1137,1150,1149
llama-3-8b-instruct,1142,1129,1145,0.05,2024-04,,,,,,,,,1142,llama-3-8b-instruct,1152,1142,1137,1129,1145,1118,1154,1136,1136,1152
reka-flash-21b-20240226,1141,1134,1141,,2024-02,,,,,,,,,1116,internlm2_5-20b-chat,1149,1116,1165,1142,1158,1158,1134,1152,1170,1139
mistral-medium,1141,1137,1152,2.7,2023-11,,,,,,,,,1158,claude-1,1148,1158,1125,1134,1135,1114,1134,1141,1163,1171
gpt-3.5-turbo-0314,1141,1137,1114,0.5,2023-03,,,,,,,,,1147,command-r,1148,1147,1119,1122,1122,1089,1159,1132,1166,1148
gpt-3.5-turbo-0125,1136,1130,1123,0.5,2024-01,,,,,,,,,1141,mistral-medium,1147,1141,1144,1137,1152,1139,1160,1153,1162,1145
qwq-32b-preview,1083,1103,1142,,2024-11,,,,,,,,,,,,,,,,,,,,
gpt-3.5-turbo-0613,1136,1134,1134,1.5,2023-06,,https://openai.com/api/pricing/,,,,,,,1083,qwq-32b-preview,1147,1083,1172,1103,1142,1198,1131,1168,1184,1153
claude-2.1,1134,1135,1131,8,2023-11,,,,,,,,,1141,reka-flash-21b-20240226,1147,1141,1133,1134,1141,1123,1128,1129,1150,1142
yi-1.5-34b-chat,1133,1135,1162,,2024-05,,,,,,,,,1149,mixtral-8x22b-instruct-v0.1,1147,1149,1148,1146,1152,1152,1146,1154,1155,1131
llama-3.1-8b-instruct,1132,1142,1186,0.06,2024-06,,https://openrouter.ai/models/meta-llama/llama-3.1-8b-instruct,,,,,,,1147,qwen1.5-72b-chat,1147,1147,1146,1142,1159,1128,1135,1143,1165,1153
gemini-pro,1131,1113,1091,0.5,2023-12,,https://ai.google.dev/pricing,,,,,,,1115,gemma-2-2b-it,1141,1115,1116,1097,1105,1110,1147,1125,1144,1118
zephyr-orpo-141b-A35b-v0.1,1130,1119,1124,,,,,,,,,,,1145,claude-2.0,1131,1145,1126,1141,1134,1126,1101,1130,1146,1161
qwen1.5-32b-chat,1126,1130,1149,0.72,2023-11,,https://openrouter.ai/models/qwen/qwen-32b-chat,,,,,,,1147,gemini-pro-dev-api,1131,1147,1105,1124,1102,1098,1133,1118,1143,1119
claude-instant-1,1126,1123,1108,0.8,2023-03,,,,,,,,,1130,zephyr-orpo-141b-A35b-v0.1,1127,1130,1116,1119,1124,1118,1114,1128,1119,1103
phi-3-medium-4k-instruct,1118,1121,1125,,,,https://openrouter.ai/microsoft/phi-3-medium-4k-instruct,,,,,,,1126,qwen1.5-32b-chat,1125,1126,1135,1130,1149,1124,1088,1122,1157,1137
internlm2_5-20b-chat,1116,1142,1158,,,,,,,,,,,1149,mistral-next,1124,1149,1128,1147,1132,1139,1135,1157,1150,1137
gemma-2-2b-it,1115,1097,1105,0.06,2024-06,,https://openrouter.ai/google/gemma-2-9b-it,,,,,,,1118,phi-3-medium-4k-instruct,1122,1118,1129,1121,1125,1141,1111,1123,1133,1095
mixtral-8x7b-instruct-v0.1,1114,1114,1114,0.3,2024-03,,,,,,,,,1091,starling-lm-7b-beta,1119,1091,1119,1104,1129,1093,1097,1104,1120,1106
dbrx-instruct-preview,1113,1115,1117,,,,,,,,,,,1134,claude-2.1,1118,1134,1118,1135,1131,1122,1048,1109,1133,1158
granite-3.0-8b-instruct,1109,1119,1097,,2024-11,,,,,,,,,1136,gpt-3.5-turbo-0613,1116,1136,1123,1134,1134,1106,1109,1128,1125,1117
gpt-3.5-turbo-1106,1109,1117,1094,0.5,2023-11,,,,,,,,,1114,mixtral-8x7b-instruct-v0.1,1114,1114,1114,1114,1114,1114,1114,1114,1114,1114
qwen1.5-14b-chat,1106,1109,1125,0.27,2023-09,,https://openrouter.ai/models/qwen/qwen-14b-chat,,,,,,,1101,yi-34b-chat,1111,1101,1101,1090,1106,1079,1110,1094,1105,1110
wizardlm-70b,1104,1075,1071,,,,,,,,,,,1126,claude-instant-1,1111,1126,1106,1123,1108,1110,1060,1107,1133,1146
snowflake-arctic-instruct,1102,1088,1077,2.16,2023-12,,https://openrouter.ai/models/snowflake/snowflake-arctic-instruct,,,,,,,1131,gemini-pro,1110,1131,1083,1113,1091,1085,1103,1102,1125,1142
yi-34b-chat,1101,1090,1106,0.72,2023-11,,https://openrouter.ai/models/01-ai/yi-34b-chat,,,,,,,1106,qwen1.5-14b-chat,1108,1106,1116,1109,1125,1090,1094,1102,1125,1108
openchat-3.5-0106,1100,1088,1101,0.13,2024-01,,,,,,,,,1141,gpt-3.5-turbo-0314,1106,1141,1116,1137,1114,1139,1089,1148,1117,1107
phi-3-small-8k-instruct,1098,1101,1107,,,,,,,,,,,1104,wizardlm-70b,1106,1104,1077,1075,1071,1075,1152,1102,1104,1108
gemma-1.1-7b-it,1098,1095,1084,0.1,2024-04,,,,,,,,,1136,gpt-3.5-turbo-0125,1105,1136,1111,1130,1123,1109,1099,1125,1136,1114
openchat-3.5,1094,1076,1053,0.13,2024-01,,,,,,,,,1113,dbrx-instruct-preview,1103,1113,1109,1115,1117,1108,1102,1114,1124,1102
llama-3.2-3b-instruct,1093,1084,1080,,,,,,,,,,,1093,llama-3.2-3b-instruct,1102,1093,1102,1084,1080,1096,1100,1106,1119,1110
tulu-2-dpo-70b,1092,1088,1093,,,,,,,,,,,1098,phi-3-small-8k-instruct,1101,1098,1107,1101,1107,1120,1087,1101,1101,1071
starling-lm-7b-beta,1091,1104,1129,,2024-03,,,,,,,,,1092,tulu-2-dpo-70b,1099,1092,1098,1088,1093,1073,1109,1106,1116,1082
vicuna-33b,1091,1066,1067,,,,,,,,,,,1109,granite-3.0-8b-instruct,1094,1109,1109,1119,1097,1126,1089,1110,1142,1068
deepseek-llm-67b-chat,1090,1072,1079,,,,,,,,,,,1081,llama-2-70b-chat,1093,1081,1070,1063,1072,1057,1078,1074,1071,1081
openhermes-2.5-mistral-7b,1089,1077,1057,,,,,,,,,,,1100,openchat-3.5-0106,1091,1100,1083,1088,1101,1071,1098,1081,1096,1092
starling-lm-7b-alpha,1083,1070,1080,,,,,,,,,,,1091,vicuna-33b,1090,1091,1066,1066,1067,1036,1136,1073,1044,1086
llama-2-70b-chat,1081,1063,1072,0.64,2023-07,,,,,,,,,1102,snowflake-arctic-instruct,1090,1102,1073,1088,1077,1080,1085,1077,1018,1070
granite-3.0-2b-instruct,1081,1094,1087,,2024-11,,,,,,,,,1083,starling-lm-7b-alpha,1088,1083,1073,1070,1080,1047,1102,1073,1092,1082
pplx-70b-online,1076,1029,1028,1,2024-02,,,,,,,,,1071,nous-hermes-2-mixtral-8x7b-dpo,1084,1071,1052,1036,1079,1028,1105,1054,1060,1079
llama2-70b-steerlm-chat,1074,1048,1022,,2023-07,,,,,,,,,1098,gemma-1.1-7b-it,1083,1098,1076,1095,1084,1078,1070,1071,1072,1043
nous-hermes-2-mixtral-8x7b-dpo,1071,1036,1079,,,,,,,,,,,1074,llama2-70b-steerlm-chat,1080,1074,1045,1048,1022,1036,1096,1063,1012,1059
dolphin-2.2.1-mistral-7b,1068,1054,1025,,,,,,,,,,,1076,pplx-70b-online,1077,1076,1027,1029,1028,1041,1049,1032,1016,986
mistral-7b-instruct-v0.2,1067,1063,1073,0.06,2023-12,,,,,,,,,1090,deepseek-llm-67b-chat,1076,1090,1064,1072,1079,1069,1065,1082,1099,1077
phi-3-mini-4k-instruct-june-2024,1068,1088,1081,,,,,,,,,,,1094,openchat-3.5,1076,1094,1065,1076,1053,1034,1126,1074,1108,1087
qwen1.5-7b-chat,1065,1058,1089,0.18,2023-09,,https://openrouter.ai/models/qwen/qwen-7b-chat,,,,,,,1089,openhermes-2.5-mistral-7b,1074,1089,1068,1077,1057,1061,1102,1073,1070,1063
solar-10.7b-instruct-v1.0,1065,1056,1047,,,,,,,,,,,1081,granite-3.0-2b-instruct,1074,1081,1089,1094,1087,1101,1062,1081,1103,1064
wizardlm-13b,1063,1014,1025,,,,,,,,,,,1067,mistral-7b-instruct-v0.2,1072,1067,1068,1063,1073,1056,1075,1067,1071,1070
mpt-30b-chat,1060,1056,1030,,,,,,,,,,,1068,phi-3-mini-4k-instruct-june-2024,1071,1068,1095,1088,1081,1123,1058,1074,1055,1055
falcon-180b-chat,1058,1019,1016,,,,,,,,,,,1065,qwen1.5-7b-chat,1070,1065,1067,1058,1089,1048,1039,1063,1101,1061
vicuna-13b,1058,1034,1032,,,,,,,,,,,1109,gpt-3.5-turbo-1106,1067,1109,1090,1117,1094,1104,1043,1090,1088,1070
qwen-14b-chat,1056,1038,1056,,,,,,,,,,,1055,phi-3-mini-4k-instruct,1066,1055,1078,1066,1085,1083,1043,1067,1052,1025
phi-3-mini-4k-instruct,1055,1066,1085,,2024-05,,,,,,,,,1053,llama-2-13b-chat,1063,1053,1049,1043,1051,1032,1049,1046,1077,1045
llama-2-13b-chat,1053,1043,1051,0.1,2023-07,,,,,,,,,1068,dolphin-2.2.1-mistral-7b,1062,1068,1050,1054,1025,1041,1090,1056,1032,1018
zephyr-7b-beta,1049,1022,1029,,,,,,,,,,,1065,solar-10.7b-instruct-v1.0,1062,1065,1056,1056,1047,1028,1089,1057,1134,1041
phi-3-mini-128k-instruct,1048,1039,1029,,2024-05,,,,,,,,,1063,wizardlm-13b,1058,1063,1013,1014,1025,986,1093,1050,1066,1042
codellama-34b-instruct,1047,1032,1041,,,,,,,,,,,1044,llama-3.2-1b-instruct,1053,1044,1059,1039,1046,1065,1044,1052,1070,1038
gemma-7b-it,1047,1055,1046,0.1,2024-04,,,,,,,,,1049,zephyr-7b-beta,1053,1049,1026,1022,1029,1010,1112,1038,1054,1031
zephyr-7b-alpha,1046,1025,1034,,,,,,,,,,,1060,mpt-30b-chat,1045,1060,1047,1056,1030,1014,1076,1057,1068,1052
llama-3.2-1b-instruct,1044,1039,1046,,,,,,,,,,,1041,pplx-7b-online,1044,1041,1016,1017,1014,1013,1007,997,995,990
palm-2,1042,1035,990,,,,,,,,,,,1047,codellama-34b-instruct,1042,1047,1027,1032,1041,1022,1034,1029,1026,1012
pplx-7b-online,1041,1017,1014,0.2,2024-02,,,,,,,,,1058,vicuna-13b,1042,1058,1025,1034,1032,999,1063,1040,1061,1032
guanaco-33b,1039,1004,965,,,,,,,,,,,1037,codellama-70b-instruct,1041,1037,1051,1060,1047,1033,1013,1031,998,1032
gemma-1.1-2b-it,1039,1041,1035,,2024-04,,,,,,,,,1046,zephyr-7b-alpha,1041,1046,1022,1025,1034,1006,1075,1042,1012,1013
codellama-70b-instruct,1037,1060,1047,,,,,,,,,,,1047,gemma-7b-it,1037,1047,1045,1055,1046,1032,1029,1023,1036,958
stripedhyena-nous-7b,1033,1006,999,,,,,,,,,,,1048,phi-3-mini-128k-instruct,1036,1048,1035,1039,1029,1063,1034,1036,1014,991
mistral-7b-instruct,1026,1015,1007,0.11,2023-09,,,,,,,,,1024,llama-2-7b-chat,1036,1024,1009,1003,1002,1009,1040,1012,1012,1027
llama-2-7b-chat,1024,1003,1002,0.56,2023-07,,,,,,,,,1056,qwen-14b-chat,1035,1056,1023,1038,1056,1032,1034,1034,1038,1019
vicuna-7b,1021,1001,981,,,,,,,,,,,1058,falcon-180b-chat,1033,1058,1000,1019,1016,1012,1095,1053,1057,1012
qwen1.5-4b-chat,1014,994,989,0.09,2023-09,,https://openrouter.ai/models/qwen/qwen-4b-chat,,,,,,,1039,guanaco-33b,1032,1039,1000,1004,965,993,1081,993,974,1005
gemma-2b-it,1007,1008,1000,,,,,,,,,,,1039,gemma-1.1-2b-it,1020,1039,1015,1041,1035,1021,1010,1006,1019,962
olmo-7b-instruct,993,978,1017,,,,,,,,,,,1033,stripedhyena-nous-7b,1017,1033,995,1006,999,999,1035,1012,994,1011
koala-13b,979,931,936,,,,,,,,,,,993,olmo-7b-instruct,1015,993,994,978,1017,988,996,987,1057,1005
chatglm3-6b,974,962,952,,,,,,,,,,,1026,mistral-7b-instruct,1008,1026,1002,1015,1007,996,1036,1012,1020,1011
gpt4all-13b-snoozy,971,956,909,,,,,,,,,,,1021,vicuna-7b,1005,1021,989,1001,981,963,1023,995,1047,986
mpt-7b-chat,966,924,899,,,,,,,,,,,1042,palm-2,1003,1042,1000,1035,990,1014,998,1014,1014,992
alpaca-13b,966,886,789,,,,,,,,,,,1007,gemma-2b-it,989,1007,987,1008,1000,979,989,975,997,936
RWKV-4-Raven-14B,948,911,896,,,,,,,,,,,1014,qwen1.5-4b-chat,988,1014,977,994,989,993,974,983,1004,977
chatglm2-6b,942,928,891,,,,,,,,,,,979,koala-13b,964,979,924,931,936,897,971,941,886,917
oasst-pythia-12b,931,913,872,,,,,,,,,,,974,chatglm3-6b,955,974,952,962,952,953,973,960,970,957
fastchat-t5-3b,896,832,759,,,,,,,,,,,971,gpt4all-13b-snoozy,931,971,931,956,909,903,972,947,950,921
chatglm-6b,888,897,883,,,,,,,,,,,966,mpt-7b-chat,927,966,891,924,899,885,957,909,804,900
dolly-v2-12b,881,855,745,,,,,,,,,,,942,chatglm2-6b,924,942,914,928,891,893,948,908,890,901
llama-13b,867,797,667,,,,,,,,,,,948,RWKV-4-Raven-14B,921,948,890,911,896,888,933,885,842,892
stablelm-tuned-alpha-7b,859,841,857,,,,,,,,,,,966,alpaca-13b,901,966,818,886,789,872,964,888,924,881
,,,,,,,,,,,,,,931,oasst-pythia-12b,893,931,880,913,872,858,920,889,867,865
,,,,,,,,,,,,,,888,chatglm-6b,879,888,893,897,883,891,902,899,940,853
,,,,,,,,,,,,,,896,fastchat-t5-3b,867,896,808,832,759,828,901,857,952,851
,,,,,,,,,,,,,,859,stablelm-tuned-alpha-7b,840,859,830,841,857,804,869,831,879,819
,,,,,,,,,,,,,,881,dolly-v2-12b,822,881,797,855,745,837,864,813,858,738
,,,,,,,,,,,,,,867,llama-13b,799,867,723,797,667,803,796,778,804,751
